epoch,Seg_Loss,Overall_Acc,Mean_IOU,Overall_Dice,ROC_AUC,excluded,slice_view,pretrained_model,data_type,uid,loss,blacklist,model,lr,date_time,augmentation_params,shape,model_path,studies,excluded_from_training,remove_black_slices,with_blacklist,blacklist_dir,irsabi_dice_mean,irsabi_dice_std,data_dimension_format,with_arranged_mask,experiment_duration,config_path,func_training_dir
103.0,0.048506002,0.976763354,0.916061171,0.9227884340000001,0.9343620440000001,,coronal,False,anat,46344602-63d7-4854-b2d1-7b4a447d2203,dice_loss,False,unet_pct_multi_att_dsv,0.0001,2020-06-08 17:20:31.943122,"X(shift_val=[0.01, 0.01], rotate=20, scale_val=[1, 1], max_deform=[0, 0, 0], random_flip_prob=0.5, random_affine_prob=0.5, random_elastic_prob=0, scale_size=[64, 64, 96, 1], random_noise_prob=0.5)","[64, 64, 96, 1]",/home/hendrik/src/MLEBE/mlebe/training/checkpoints/with_augmentations_anat_new/103_net_unet_pct_multi_att_dsv.pth,"['drlfom', 'mgtdbs', 'opfvta', 'ztau', 'hendrik_nvcz', 'irsabi_dargcc']",irsabi,False,,,,,,,,,
122.0,0.047351267999999995,0.977746752,0.920049992,0.9259223040000001,0.939770456,,coronal,False,anat,944e3c9f-0908-4505-9917-babb7807a72c,dice_loss,False,unet_pct_multi_att_dsv,0.0001,2020-06-09 08:59:19.543600,"X(shift_val=[0.01, 0.01], rotate=20, scale_val=[1, 1], max_deform=[0, 0, 0], random_flip_prob=0.5, random_affine_prob=0.5, random_elastic_prob=0, scale_size=[64, 64, 96, 1], random_noise_prob=0.5)","[64, 64, 96, 1]",/home/hendrik/src/MLEBE/mlebe/training/checkpoints/with_augmentations_anat_new/122_net_unet_pct_multi_att_dsv.pth,"['drlfom', 'mgtdbs', 'opfvta', 'ztau', 'hendrik_nvcz', 'irsabi_dargcc']",irsabi,False,,,,,,,,,
110.0,0.041512546000000004,0.980292002,0.929240517,0.93698694,0.948821884,,coronal,False,func,56b9cbe9-62fb-425a-be33-82d92726d6d9,dice_loss,False,unet_pct_multi_att_dsv,0.0001,2020-06-09 16:03:21.878669,"X(shift_val=[0.01, 0.01], rotate=20, scale_val=[1, 1], max_deform=[0, 0, 0], random_flip_prob=0.5, random_affine_prob=0.5, random_elastic_prob=0, scale_size=[64, 64, 96, 1], random_noise_prob=0.5)","[64, 64, 96, 1]",/home/hendrik/src/MLEBE/mlebe/training/checkpoints/with_augmentations_func_new/110_net_unet_pct_multi_att_dsv.pth,"['drlfom', 'mgtdbs', 'opfvta', 'ztau', 'hendrik_nvcz', 'irsabi_dargcc']",irsabi,False,,,,,,,,,
104.0,0.041539563,0.9798932840000001,0.9273892659999999,0.9351635309999999,0.9446528409999999,,coronal,False,anat,4fd825322e4e4677b92430d881be2000,dice_loss,False,unet_pct_multi_att_dsv,0.0001,2020-06-14 21:11:04.265575,"X(shift_val=[0.01, 0.01], rotate=20, scale_val=[1, 1], max_deform=[0.1, 0.1, 0], random_flip_prob=0.5, random_affine_prob=0.5, random_elastic_prob=0, scale_size=[64, 64, 96, 1], random_noise_prob=0.5, normalization='mlebe')","[64, 64, 96, 1]",/home/hendrik/src/MLEBE/mlebe/training/checkpoints/2020-06-14_anat_dice_loss_mlebe1/104_net_unet_pct_multi_att_dsv.pth,"['drlfom', 'mgtdbs', 'opfvta', 'ztau', 'hendrik_nvcz', 'irsabi_dargcc']",irsabi,False,True,~/docsrc/mlebe/data/Blacklist,0.88402742,0.209074103,"x,y,z",,,,
141.0,0.042888987,0.9790052309999999,0.9239265529999999,0.9309664940000001,0.9399983909999999,,coronal,False,anat,54bae9dad9964d91a26b286ee9171efd,dice_loss,False,unet_pct_multi_att_dsv,0.0001,2020-06-15 00:10:11.873912,"X(shift_val=[0.01, 0.01], rotate=20, scale_val=[1, 1], max_deform=[0.1, 0.1, 0], random_flip_prob=0.5, random_affine_prob=0.5, random_elastic_prob=0, scale_size=[64, 64, 96, 1], random_noise_prob=0.5, normalization='mlebe')","[64, 64, 96, 1]",/home/hendrik/src/MLEBE/mlebe/training/checkpoints/2020-06-14_anat_dice_loss_mlebe2/141_net_unet_pct_multi_att_dsv.pth,"['drlfom', 'mgtdbs', 'opfvta', 'ztau', 'hendrik_nvcz', 'irsabi_dargcc']",irsabi,False,False,~/docsrc/mlebe/data/Blacklist,0.889603073,0.20493961300000002,"x,y,z",,,,
111.0,0.043949660999999994,0.978376969,0.9218772,0.92985454,0.9397583490000001,,coronal,False,anat,4b2b017dc4f84da4a5185efb4b29ce90,dice_loss,False,unet_pct_multi_att_dsv,0.0001,2020-06-15 02:26:32.001980,"X(shift_val=[0.01, 0.01], rotate=20, scale_val=[1, 1], max_deform=[0.1, 0.1, 0], random_flip_prob=0.5, random_affine_prob=0.5, random_elastic_prob=0, scale_size=[64, 64, 96, 1], random_noise_prob=0.5, normalization='mlebe')","[64, 64, 96, 1]",/home/hendrik/src/MLEBE/mlebe/training/checkpoints/2020-06-15_anat_dice_loss_normalize_medic1/111_net_unet_pct_multi_att_dsv.pth,"['drlfom', 'mgtdbs', 'opfvta', 'ztau', 'hendrik_nvcz', 'irsabi_dargcc']",irsabi,False,True,~/docsrc/mlebe/data/Blacklist,0.884713729,0.19979239,"x,y,z",,,,
111.0,0.044026712999999995,0.9787716870000001,0.9232180720000001,0.930220345,0.940158367,,coronal,False,anat,546b41c284954b4db1080bbf23d7bda0,dice_loss,False,unet_pct_multi_att_dsv,0.0001,2020-06-15 04:51:01.228183,"X(shift_val=[0.01, 0.01], rotate=20, scale_val=[1, 1], max_deform=[0.1, 0.1, 0], random_flip_prob=0.5, random_affine_prob=0.5, random_elastic_prob=0, scale_size=[64, 64, 96, 1], random_noise_prob=0.5, normalization='mlebe')","[64, 64, 96, 1]",/home/hendrik/src/MLEBE/mlebe/training/checkpoints/2020-06-15_anat_dice_loss_normalize_medic2/111_net_unet_pct_multi_att_dsv.pth,"['drlfom', 'mgtdbs', 'opfvta', 'ztau', 'hendrik_nvcz', 'irsabi_dargcc']",irsabi,False,False,~/docsrc/mlebe/data/Blacklist,0.887829888,0.20408225100000002,"x,y,z",,,,
107.0,0.043937631,0.978459634,0.922887465,0.9307881729999999,0.943700051,,coronal,False,func,ff757e7c2170488b8cfce45654909ca1,dice_loss,False,unet_pct_multi_att_dsv,0.0001,2020-06-15 07:42:32.456532,"X(shift_val=[0.01, 0.01], rotate=20, scale_val=[1, 1], max_deform=[0.1, 0.1, 0], random_flip_prob=0.5, random_affine_prob=0.5, random_elastic_prob=0, scale_size=[64, 64, 96, 1], random_noise_prob=0.5, normalization='mlebe')","[64, 64, 96, 1]",/home/hendrik/src/MLEBE/mlebe/training/checkpoints/2020-06-15_func_dice_loss_mlebe1/107_net_unet_pct_multi_att_dsv.pth,"['drlfom', 'mgtdbs', 'opfvta', 'ztau', 'hendrik_nvcz', 'irsabi_dargcc']",irsabi,False,False,~/docsrc/mlebe/data/Blacklist,0.885520465,0.209202405,,,,,
110.0,0.04227129,0.979455865,0.9257549979999999,0.933584117,0.942887604,,coronal,False,anat,63803a252bba46a8b8d006775ff7faa2,dice_loss,False,unet_pct_multi_att_dsv,0.0001,2020-06-15 16:37:37.503941,"X(shift_val=[0.01, 0.01], rotate=20, scale_val=[1, 1], max_deform=[0.1, 0.1, 0], random_flip_prob=0.5, random_affine_prob=0.5, random_elastic_prob=0, scale_size=[64, 64, 96, 1], random_noise_prob=0.5, normalization='normalize_medic')","[64, 64, 96, 1]",/home/hendrik/src/MLEBE/mlebe/training/checkpoints/2020-06-15_anat_dice_loss_normalize_medic_blacklist True2/110_net_unet_pct_multi_att_dsv.pth,"['drlfom', 'mgtdbs', 'opfvta', 'ztau', 'hendrik_nvcz', 'irsabi_dargcc']",irsabi,False,True,~/docsrc/mlebe/data/Blacklist,0.875711472,0.22858764,"x,y,z",False,,,
119.0,0.04121118,0.9798464029999999,0.927793878,0.9354820909999999,0.9480018990000001,,coronal,False,func,1356e9432cbb4556ac070abb50c0510d,dice_loss,False,unet_pct_multi_att_dsv,0.0001,2020-06-15 19:44:27.571771,"X(shift_val=[0.01, 0.01], rotate=20, scale_val=[1, 1], max_deform=[0.1, 0.1, 0], random_flip_prob=0.5, random_affine_prob=0.5, random_elastic_prob=0, scale_size=[64, 64, 96, 1], random_noise_prob=0.5, normalization='normalize_medic')","[64, 64, 96, 1]",/home/hendrik/src/MLEBE/mlebe/training/checkpoints/2020-06-15_func_dice_loss_normalize_medic_blacklist False1/119_net_unet_pct_multi_att_dsv.pth,"['drlfom', 'mgtdbs', 'opfvta', 'ztau', 'hendrik_nvcz', 'irsabi_dargcc']",irsabi,False,False,~/docsrc/mlebe/data/Blacklist,0.884434171,0.213887952,,False,,,
129.0,0.03868619,0.981023871,0.931394187,0.938944248,0.9476762009999999,,coronal,False,anat,dice_lossunet_pct_multi_att_dsvnormalize_medic0FalseTrue,dice_loss,False,unet_pct_multi_att_dsv,0.0001,2020-06-15 22:47:06.801492,"X(shift_val=[0.01, 0.01], rotate=20, scale_val=[1, 1], max_deform=[0.1, 0.1, 0], random_flip_prob=0.5, random_affine_prob=0.5, random_elastic_prob=0, scale_size=[64, 64, 96, 1], random_noise_prob=0.5, normalization='normalize_medic')","[64, 64, 96, 1]",/home/hendrik/src/MLEBE/mlebe/training/checkpoints/2020-06-15_anat_dice_loss_normalize_medic_blacklist_True1/129_net_unet_pct_multi_att_dsv.pth,"['drlfom', 'mgtdbs', 'opfvta', 'ztau', 'hendrik_nvcz', 'irsabi_dargcc']",irsabi,False,True,~/docsrc/mlebe/data/Blacklist,0.890432818,0.20057857399999998,"x,y,z",False,,,
115.0,0.038323257,0.9822483340000001,0.93108094,0.9375979440000001,0.9446520559999999,,coronal,False,anat,dice_lossunet_pct_multi_att_dsvnormalize_medic0FalseTrue,dice_loss,False,unet_pct_multi_att_dsv,0.0001,2020-06-16 07:32:47.933587,"X(shift_val=[0.01, 0.01], rotate=20, scale_val=[1, 1], max_deform=[0.1, 0.1, 0], random_flip_prob=0.5, random_affine_prob=0.5, random_elastic_prob=0, scale_size=[64, 64, 96, 1], random_noise_prob=0.5, normalization='normalize_medic')","[64, 64, 96, 1]",/home/hendrik/src/MLEBE/mlebe/training/checkpoints/2020-06-16_anat_dice_loss_normalize_medic_blacklist_True1/115_net_unet_pct_multi_att_dsv.pth,"['drlfom', 'mgtdbs', 'opfvta', 'ztau', 'hendrik_nvcz', 'irsabi_dargcc']",irsabi,False,True,~/docsrc/mlebe/data/Blacklist,0.768317024,0.36739342799999997,"x,y,z",False,,,
128.0,0.039851114,0.9807181429999999,0.930102895,0.937691484,0.9454592740000001,,coronal,False,anat,dice_lossunet_pct_multi_att_dsvnormalize_medic0TrueTrue,dice_loss,False,unet_pct_multi_att_dsv,0.0001,2020-06-16 09:52:52.250956,"X(shift_val=[0.01, 0.01], rotate=20, scale_val=[1, 1], max_deform=[0.1, 0.1, 0], random_flip_prob=0.5, random_affine_prob=0.5, random_elastic_prob=0, scale_size=[64, 64, 96, 1], random_noise_prob=0.5, normalization='normalize_medic')","[64, 64, 96, 1]",/home/hendrik/src/MLEBE/mlebe/training/checkpoints/2020-06-16_anat_dice_loss_normalize_medic_blacklist_True2/128_net_unet_pct_multi_att_dsv.pth,"['drlfom', 'mgtdbs', 'opfvta', 'ztau', 'hendrik_nvcz', 'irsabi_dargcc']",irsabi,False,True,~/docsrc/mlebe/data/Blacklist,0.883363731,0.218171244,"x,y,z",True,,,
139.0,0.040084841,0.9816381479999999,0.928825986,0.935418456,0.9430515290000001,,coronal,False,anat,dice_lossunet_pct_multi_att_dsvnormalize_medic0.5FalseTrue,dice_loss,False,unet_pct_multi_att_dsv,0.0001,2020-06-16 12:37:32.738853,"X(shift_val=[0.01, 0.01], rotate=20, scale_val=[1, 1], max_deform=[0.1, 0.1, 0], random_flip_prob=0.5, random_affine_prob=0.5, random_elastic_prob=0.5, scale_size=[64, 64, 96, 1], random_noise_prob=0.5, normalization='normalize_medic')","[64, 64, 96, 1]",/home/hendrik/src/MLEBE/mlebe/training/checkpoints/2020-06-16_anat_dice_loss_normalize_medic_blacklist_True3/139_net_unet_pct_multi_att_dsv.pth,"['drlfom', 'mgtdbs', 'opfvta', 'ztau', 'hendrik_nvcz', 'irsabi_dargcc']",irsabi,False,True,~/docsrc/mlebe/data/Blacklist,0.7691359609999999,0.36754397299999997,"x,y,z",False,,,
221.0,0.064232707,0.969174427,0.89321763,0.9020902829999999,0.9192807940000001,,coronal,False,anat,"dice_lossunetnormalize_medic0[64, 64, 96, 1]FalseTrue",dice_loss,False,unet,0.0001,2020-06-16 22:35:40.989482,"X(shift_val=[0.01, 0.01], rotate=20, scale_val=[1, 1], max_deform=[0.1, 0.1, 0], random_flip_prob=0.5, random_affine_prob=0.5, random_elastic_prob=0, scale_size=[64, 64, 96, 1], random_noise_prob=0.5, normalization='normalize_medic')","[64, 64, 96, 1]","/home/hendrik/src/MLEBE/mlebe/training/checkpoints/criterion-dice_loss_model_type-unet_normalization-normalize_medic_random_elastic_prob-0_scale_size-[64, 64, 96, 1]_with_arranged_mask-False_with_blacklist-True3/221_net_unet.pth","['drlfom', 'mgtdbs', 'opfvta', 'ztau', 'hendrik_nvcz', 'irsabi_dargcc']",irsabi,False,True,~/docsrc/mlebe/data/Blacklist,0.774940339,0.36383145299999997,"x,y,z",False,-252.0,,
224.0,0.043418532,0.981285924,0.930681805,0.937920532,0.950599073,,coronal,False,anat,"dice_lossunetnormalize_medic0[64, 64, 96, 1]TrueTrue",dice_loss,False,unet,0.0001,2020-06-17 02:47:25.912009,"X(shift_val=[0.01, 0.01], rotate=20, scale_val=[1, 1], max_deform=[0.1, 0.1, 0], random_flip_prob=0.5, random_affine_prob=0.5, random_elastic_prob=0, scale_size=[64, 64, 96, 1], random_noise_prob=0.5, normalization='normalize_medic')","[64, 64, 96, 1]","/home/hendrik/src/MLEBE/mlebe/training/checkpoints/criterion-dice_loss_model_type-unet_normalization-normalize_medic_random_elastic_prob-0_scale_size-[64, 64, 96, 1]_with_arranged_mask-True_with_blacklist-True1/224_net_unet.pth","['drlfom', 'mgtdbs', 'opfvta', 'ztau', 'hendrik_nvcz', 'irsabi_dargcc']",irsabi,False,True,~/docsrc/mlebe/data/Blacklist,0.770849363,0.36537661899999996,"x,y,z",False,-259.0,,
163.0,0.068105172,0.968803627,0.892479276,0.901443433,0.9204283459999999,,coronal,False,anat,"dice_lossunetnormalize_medic0.5[64, 64, 96, 1]FalseTrue",dice_loss,False,unet,0.0001,2020-06-17 07:06:21.123145,"X(shift_val=[0.01, 0.01], rotate=20, scale_val=[1, 1], max_deform=[0.1, 0.1, 0], random_flip_prob=0.5, random_affine_prob=0.5, random_elastic_prob=0, scale_size=[64, 64, 96, 1], random_noise_prob=0.5, normalization='normalize_medic')","[64, 64, 96, 1]","/home/hendrik/src/MLEBE/mlebe/training/checkpoints/criterion-dice_loss_model_type-unet_normalization-normalize_medic_random_elastic_prob-0.5_scale_size-[64, 64, 96, 1]_with_arranged_mask-False_with_blacklist-True1/163_net_unet.pth","['drlfom', 'mgtdbs', 'opfvta', 'ztau', 'hendrik_nvcz', 'irsabi_dargcc']",irsabi,False,True,~/docsrc/mlebe/data/Blacklist,0.773472413,0.364032519,"x,y,z",True,-220.0,,
208.0,0.042912415999999995,0.982076507,0.9336264009999999,0.94073507,0.953625834,,coronal,False,anat,"dice_lossunetnormalize_medic0.5[64, 64, 96, 1]TrueTrue",dice_loss,False,unet,0.0001,2020-06-17 10:45:50.640848,"X(shift_val=[0.01, 0.01], rotate=20, scale_val=[1, 1], max_deform=[0.1, 0.1, 0], random_flip_prob=0.5, random_affine_prob=0.5, random_elastic_prob=0.5, scale_size=[64, 64, 96, 1], random_noise_prob=0.5, normalization='normalize_medic')","[64, 64, 96, 1]","/home/hendrik/src/MLEBE/mlebe/training/checkpoints/criterion-dice_loss_model_type-unet_normalization-normalize_medic_random_elastic_prob-0.5_scale_size-[64, 64, 96, 1]_with_arranged_mask-True_with_blacklist-True3/208_net_unet.pth","['drlfom', 'mgtdbs', 'opfvta', 'ztau', 'hendrik_nvcz', 'irsabi_dargcc']",irsabi,False,True,~/docsrc/mlebe/data/Blacklist,0.770956327,0.36798961799999996,"x,y,z",True,-283.0,,
261.0,0.04053942,0.98192519,0.934496915,0.9418382279999999,0.964633455,,coronal,False,anat,"0.5dice_lossunet_nonlocalnormalize_medic0[64, 64, 96, 1]TrueTrue",dice_loss,False,unet_nonlocal,0.0001,2020-06-17 20:51:50.312610,"X(shift_val=[0, 0], rotate=20, scale_val=[1, 1], max_deform=[0.1, 0.1, 0], random_flip_prob=0.5, random_affine_prob=0.5, random_elastic_prob=0.5, scale_size=[64, 64, 96, 1], random_noise_prob=0.5, normalization='normalize_medic', bias_field_prob=0.5, bias_magnitude_range=1.0)","[64, 64, 96, 1]","/home/hendrik/src/MLEBE/mlebe/training/checkpoints/bias_field_prob-0.5_criterion-dice_loss_model_type-unet_nonlocal_normalization-normalize_medic_random_elastic_prob-0_scale_size-[64, 64, 96, 1]_with_arranged_mask-True_with_blacklist-True1/261_net_unet_nonlocal.pth","['drlfom', 'mgtdbs', 'opfvta', 'ztau', 'hendrik_nvcz', 'irsabi_dargcc']",irsabi,False,True,~/docsrc/mlebe/data/Blacklist,0.939299208,0.12575284,"x,y,z",True,965.0,,
337.0,0.023495291,0.988499296,0.9577299159999999,0.963174621,0.9786977570000001,,coronal,False,anat,"0.5dice_lossunet_pct_multi_att_dsvnormalize_medic0[64, 64, 96, 1]TrueTrue",dice_loss,False,unet_nonlocal,0.0001,2020-06-18 13:06:21.315933,"X(shift_val=[0, 0], rotate=20, scale_val=[1, 1], max_deform=[0.1, 0.1, 0], random_flip_prob=0.5, random_affine_prob=0.5, random_elastic_prob=0, scale_size=[64, 64, 96, 1], random_noise_prob=0.5, normalization='normalize_medic', bias_field_prob=0.5, bias_magnitude_range=1.0)","[64, 64, 96, 1]","/home/hendrik/src/MLEBE/mlebe/training/checkpoints/bias_field_prob-0.5_criterion-dice_loss_model_type-unet_pct_multi_att_dsv_normalization-normalize_medic_random_elastic_prob-0_scale_size-[64, 64, 96, 1]_with_arranged_mask-True_with_blacklist-True2/337_net_unet_pct_multi_att_dsv.pth","['drlfom', 'mgtdbs', 'opfvta', 'ztau', 'hendrik_nvcz', 'irsabi_dargcc']",irsabi,False,True,~/docsrc/mlebe/data/Blacklist,0.955178163,0.121931449,"x,y,z",True,388.0,,
183.0,0.039800164,0.98314617,0.9389734340000001,0.946069862,0.96823199,,coronal,False,anat,"0.5dice_lossunetnormalize_medic0[64, 64, 96, 1]TrueTrue",dice_loss,False,unet_pct_multi_att_dsv,0.0001,2020-06-18 19:34:24.601200,"X(shift_val=[0, 0], rotate=20, scale_val=[1, 1], max_deform=[0.1, 0.1, 0], random_flip_prob=0.5, random_affine_prob=0.5, random_elastic_prob=0, scale_size=[64, 64, 96, 1], random_noise_prob=0.5, normalization='normalize_medic', bias_field_prob=0.5, bias_magnitude_range=1.0)","[64, 64, 96, 1]","/home/hendrik/src/MLEBE/mlebe/training/checkpoints/bias_field_prob-0.5_criterion-dice_loss_model_type-unet_normalization-normalize_medic_random_elastic_prob-0_scale_size-[64, 64, 96, 1]_with_arranged_mask-True_with_blacklist-True1/183_net_unet.pth","['drlfom', 'mgtdbs', 'opfvta', 'ztau', 'hendrik_nvcz', 'irsabi_dargcc']",irsabi,False,True,~/docsrc/mlebe/data/Blacklist,0.942986931,0.123009404,"x,y,z",True,221.0,,
242.0,0.04685944400000002,0.982357136,0.9365190309999999,0.943853809,0.96969002,,coronal,False,anat,"0.5cross_entropyunet_nonlocalnormalize_medic0[64, 64, 96, 1]TrueTrue",dice_loss,False,unet,0.0001,2020-06-18 23:15:40.192092,"X(shift_val=[0, 0], rotate=20, scale_val=[1, 1], max_deform=[0.1, 0.1, 0], random_flip_prob=0.5, random_affine_prob=0.5, random_elastic_prob=0, scale_size=[64, 64, 96, 1], random_noise_prob=0.5, normalization='normalize_medic', bias_field_prob=0.5, bias_magnitude_range=1.0)","[64, 64, 96, 1]","/home/hendrik/src/MLEBE/mlebe/training/checkpoints/bias_field_prob-0.5_criterion-cross_entropy_model_type-unet_nonlocal_normalization-normalize_medic_random_elastic_prob-0_scale_size-[64, 64, 96, 1]_with_arranged_mask-True_with_blacklist-True1/242_net_unet_nonlocal.pth","['drlfom', 'mgtdbs', 'opfvta', 'ztau', 'hendrik_nvcz', 'irsabi_dargcc']",irsabi,False,True,~/docsrc/mlebe/data/Blacklist,0.941230938,0.126691947,"x,y,z",True,935.0,,
271.0,0.024821625,0.989623913,0.9616081679999999,0.96662807,0.979019146,,coronal,False,anat,"0.5cross_entropyunet_pct_multi_att_dsvnormalize_medic0[64, 64, 96, 1]TrueTrue",cross_entropy,False,unet_nonlocal,0.0001,2020-06-19 14:51:39.452255,"X(shift_val=[0, 0], rotate=20, scale_val=[1, 1], max_deform=[0.1, 0.1, 0], random_flip_prob=0.5, random_affine_prob=0.5, random_elastic_prob=0, scale_size=[64, 64, 96, 1], random_noise_prob=0.5, normalization='normalize_medic', bias_field_prob=0.5, bias_magnitude_range=1.0)","[64, 64, 96, 1]","/home/hendrik/src/MLEBE/mlebe/training/checkpoints/bias_field_prob-0.5_criterion-cross_entropy_model_type-unet_pct_multi_att_dsv_normalization-normalize_medic_random_elastic_prob-0_scale_size-[64, 64, 96, 1]_with_arranged_mask-True_with_blacklist-True1/271_net_unet_pct_multi_att_dsv.pth","['drlfom', 'mgtdbs', 'opfvta', 'ztau', 'hendrik_nvcz', 'irsabi_dargcc']",irsabi,False,True,~/docsrc/mlebe/data/Blacklist,0.960982208,0.106725636,"x,y,z",True,341.0,,
265.0,0.044309425,0.983036318,0.937522359,0.9443003209999999,0.9685957159999999,,coronal,False,anat,"0.5cross_entropyunetnormalize_medic0[64, 64, 96, 1]TrueTrue",cross_entropy,False,unet_pct_multi_att_dsv,0.0001,2020-06-19 21:15:38.126527,"X(shift_val=[0, 0], rotate=20, scale_val=[1, 1], max_deform=[0.1, 0.1, 0], random_flip_prob=0.5, random_affine_prob=0.5, random_elastic_prob=0, scale_size=[64, 64, 96, 1], random_noise_prob=0.5, normalization='normalize_medic', bias_field_prob=0.5, bias_magnitude_range=1.0)","[64, 64, 96, 1]","/home/hendrik/src/MLEBE/mlebe/training/checkpoints/bias_field_prob-0.5_criterion-cross_entropy_model_type-unet_normalization-normalize_medic_random_elastic_prob-0_scale_size-[64, 64, 96, 1]_with_arranged_mask-True_with_blacklist-True3/265_net_unet.pth","['drlfom', 'mgtdbs', 'opfvta', 'ztau', 'hendrik_nvcz', 'irsabi_dargcc']",irsabi,False,True,~/docsrc/mlebe/data/Blacklist,0.947900608,0.11648095,"x,y,z",True,311.0,,
501.0,0.02200499,0.9892379509999999,0.959744255,0.9648259640000001,0.980610012,,coronal,False,anat,"0.5dice_lossunet_pct_multi_att_dsvnormalize_medic0[128, 128, 96, 1]TrueTrue",dice_loss,False,unet_pct_multi_att_dsv,0.0001,2020-06-20 09:16:55.435496,"X(shift_val=[0, 0], rotate=20, scale_val=[1, 1], max_deform=[0.1, 0.1, 0], random_flip_prob=0.5, random_affine_prob=0.5, random_elastic_prob=0, scale_size=[128, 128, 96, 1], random_noise_prob=0.5, normalization='normalize_medic', bias_field_prob=0.5, bias_magnitude_range=1.0)","[128, 128, 96, 1]","/home/hendrik/src/MLEBE/mlebe/training/checkpoints/bias_field_prob-0.5_criterion-dice_loss_model_type-unet_pct_multi_att_dsv_normalization-normalize_medic_random_elastic_prob-0_scale_size-[128, 128, 96, 1]_with_arranged_mask-True_with_blacklist-True1/501_net_unet_pct_multi_att_dsv.pth","['drlfom', 'mgtdbs', 'opfvta', 'ztau', 'hendrik_nvcz', 'irsabi_dargcc']",irsabi,False,True,~/docsrc/mlebe/data/Blacklist,0.964567376,0.084992858,"x,y,z",True,1498.0,"/home/hendrik/src/MLEBE/mlebe/training/checkpoints/bias_field_prob-0.5_criterion-dice_loss_model_type-unet_pct_multi_att_dsv_normalization-normalize_medic_random_elastic_prob-0_scale_size-[128, 128, 96, 1]_with_arranged_mask-True_with_blacklist-True1/trained_mlebe_config_anat.json",
289.0,0.025661931000000002,0.987566842,0.9541924690000001,0.95993415,0.976249307,,coronal,False,func,"0.5dice_lossunet_pct_multi_att_dsvnormalize_medic0[-10, 20][64, 64, 96, 1]TrueFalse",dice_loss,False,unet_pct_multi_att_dsv,0.0001,2020-06-22 10:55:12.290842,"X(shift_val=[0, 0], rotate=20, scale_val=[1, 1], max_deform=[0.1, 0.1, 0], random_flip_prob=0.5, random_affine_prob=0.5, random_elastic_prob=0, scale_size=[64, 64, 96, 1], random_noise_prob=0.5, normalization='normalize_medic', bias_field_prob=0.5, bias_magnitude_range=1.0, scale_range=[-10, 20])","[64, 64, 96, 1]","/home/hendrik/src/MLEBE/mlebe/training/checkpoints/bias_field_prob-0.5_criterion-dice_loss_model_type-unet_pct_multi_att_dsv_normalization-normalize_medic_random_elastic_prob-0_scale_range-[-10, 20]_scale_size-[64, 64, 96, 1]_with_arranged_mask-True_with_blacklist-False1/289_net_unet_pct_multi_att_dsv.pth","['drlfom', 'mgtdbs', 'opfvta', 'ztau', 'hendrik_nvcz', 'irsabi_dargcc']",irsabi,False,False,~/docsrc/mlebe/data/Blacklist,0.955697722,0.115479715,"x,y,z",True,425.0,"/home/hendrik/src/MLEBE/mlebe/training/checkpoints/bias_field_prob-0.5_criterion-dice_loss_model_type-unet_pct_multi_att_dsv_normalization-normalize_medic_random_elastic_prob-0_scale_range-[-10, 20]_scale_size-[64, 64, 96, 1]_with_arranged_mask-True_with_blacklist-False1/trained_mlebe_config_func.json",
122.0,0.038232308,0.98281595,0.9359497040000001,0.9427496890000001,0.954805518,,coronal,False,anat,"0.5dice_lossunet_pct_multi_att_dsvnormalize_medic0[-10, 20][64, 64, 96, 1]TrueTrue",dice_loss,False,unet_pct_multi_att_dsv,0.0001,2020-06-22 18:00:33.408553,"X(shift_val=[0, 0], rotate=20, scale_val=[1, 1], max_deform=[0, 0, 0], random_flip_prob=0.5, random_affine_prob=0.5, random_elastic_prob=0, scale_size=[64, 64, 96, 1], scale_range=[-10, 20], scale_proba=1, random_noise_prob=0.5, normalization='normalize_medic', bias_field_prob=0.5, bias_magnitude_range=1.0)","[64, 64, 96, 1]","/home/hendrik/src/MLEBE/mlebe/training/checkpoints/bias_field_prob-0.5_criterion-dice_loss_model_type-unet_pct_multi_att_dsv_normalization-normalize_medic_random_elastic_prob-0_scale_range-[-10, 20]_scale_size-[64, 64, 96, 1]_with_arranged_mask-True_with_blacklist-True2/122_net_unet_pct_multi_att_dsv.pth","['drlfom', 'mgtdbs', 'opfvta', 'ztau', 'hendrik_nvcz', 'irsabi_dargcc']",irsabi,False,True,~/docsrc/mlebe/data/Blacklist,0.938301742,0.141749615,"x,y,z",True,158.0,"/home/hendrik/src/MLEBE/mlebe/training/checkpoints/bias_field_prob-0.5_criterion-dice_loss_model_type-unet_pct_multi_att_dsv_normalization-normalize_medic_random_elastic_prob-0_scale_range-[-10, 20]_scale_size-[64, 64, 96, 1]_with_arranged_mask-True_with_blacklist-True2/trained_mlebe_config_anat.json",
248.0,0.023180682999999997,0.994629288,0.957948461,0.9591922690000001,0.9779031770000001,,coronal,False,func,"0.5dice_lossunet_pct_multi_att_dsvnormalize_medic0[-20, 40][64, 64, 96, 1]TrueFalse",dice_loss,False,unet_pct_multi_att_dsv,0.0001,2020-06-22 22:19:14.240837,"X(shift_val=[0, 0], rotate=20, scale_val=[1, 1], max_deform=[0.1, 0.1, 0], random_flip_prob=0.5, random_affine_prob=0.5, random_elastic_prob=0, scale_size=[64, 64, 96, 1], random_noise_prob=0.5, normalization='normalize_medic', bias_field_prob=0.5, bias_magnitude_range=1.0, scale_range=[-20, 40])","[64, 64, 96, 1]","/home/hendrik/src/MLEBE/mlebe/training/checkpoints/bias_field_prob-0.5_criterion-dice_loss_model_type-unet_pct_multi_att_dsv_normalization-normalize_medic_random_elastic_prob-0_scale_range-[-20, 40]_scale_size-[64, 64, 96, 1]_with_arranged_mask-True_with_blacklist-False1/248_net_unet_pct_multi_att_dsv.pth","['drlfom', 'mgtdbs', 'opfvta', 'ztau', 'hendrik_nvcz', 'irsabi_dargcc']",irsabi,False,False,~/docsrc/mlebe/data/Blacklist,0.95887152,0.130410966,"x,y,z",True,360.0,"/home/hendrik/src/MLEBE/mlebe/training/checkpoints/bias_field_prob-0.5_criterion-dice_loss_model_type-unet_pct_multi_att_dsv_normalization-normalize_medic_random_elastic_prob-0_scale_range-[-20, 40]_scale_size-[64, 64, 96, 1]_with_arranged_mask-True_with_blacklist-False1/trained_mlebe_config_func.json",
105.0,0.044641324,0.990331788,0.923846287,0.9231520590000001,0.937791425,,coronal,False,anat,"0.5dice_lossunet_pct_multi_att_dsvnormalize_medic0[-20, 40][64, 64, 96, 1]TrueTrue",dice_loss,False,unet_pct_multi_att_dsv,0.0001,2020-06-23 04:20:10.772795,"X(shift_val=[0, 0], rotate=20, scale_val=[1, 1], max_deform=[0, 0, 0], random_flip_prob=0.5, random_affine_prob=0.5, random_elastic_prob=0, scale_size=[64, 64, 96, 1], scale_range=[-20, 40], scale_proba=1, random_noise_prob=0.5, normalization='normalize_medic', bias_field_prob=0.5, bias_magnitude_range=1.0)","[64, 64, 96, 1]","/home/hendrik/src/MLEBE/mlebe/training/checkpoints/bias_field_prob-0.5_criterion-dice_loss_model_type-unet_pct_multi_att_dsv_normalization-normalize_medic_random_elastic_prob-0_scale_range-[-20, 40]_scale_size-[64, 64, 96, 1]_with_arranged_mask-True_with_blacklist-True1/105_net_unet_pct_multi_att_dsv.pth","['drlfom', 'mgtdbs', 'opfvta', 'ztau', 'hendrik_nvcz', 'irsabi_dargcc']",irsabi,False,True,~/docsrc/mlebe/data/Blacklist,0.9411604370000001,0.153203484,"x,y,z",True,131.0,"/home/hendrik/src/MLEBE/mlebe/training/checkpoints/bias_field_prob-0.5_criterion-dice_loss_model_type-unet_pct_multi_att_dsv_normalization-normalize_medic_random_elastic_prob-0_scale_range-[-20, 40]_scale_size-[64, 64, 96, 1]_with_arranged_mask-True_with_blacklist-True1/trained_mlebe_config_anat.json",
118.0,-0.823064467,0.982124315,0.9323072370000001,0.9390087229999999,0.949279258,,coronal,False,anat,"0.5dice_boundary_lossunet_pct_multi_att_dsvnormalize_medic0[-20, 40][128, 128, 96, 1]TrueTrue",dice_boundary_loss,False,unet_pct_multi_att_dsv,0.0001,2020-06-23 21:59:31.255872,"X(shift_val=[0, 0], rotate=20, scale_val=[1, 1], max_deform=[0, 0, 0], random_flip_prob=0.5, random_affine_prob=0.5, random_elastic_prob=0, scale_size=[128, 128, 96, 1], scale_range=[-20, 40], scale_proba=1, random_noise_prob=0.5, normalization='normalize_medic', bias_field_prob=0.5, bias_magnitude_range=1.0)","[128, 128, 96, 1]","/home/hendrik/src/MLEBE/mlebe/training/checkpoints/bias_field_prob-0.5_criterion-dice_boundary_loss_model_type-unet_pct_multi_att_dsv_normalization-normalize_medic_random_elastic_prob-0_scale_range-[-20, 40]_scale_size-[128, 128, 96, 1]_with_arranged_mask-True_with_blacklist-True2/118_net_unet_pct_multi_att_dsv.pth","['drlfom', 'mgtdbs', 'opfvta', 'ztau', 'hendrik_nvcz', 'irsabi_dargcc']",irsabi,False,True,~/docsrc/mlebe/data/Blacklist,0.939730987,0.121429816,"x,y,z",True,419.0,"/home/hendrik/src/MLEBE/mlebe/training/checkpoints/bias_field_prob-0.5_criterion-dice_boundary_loss_model_type-unet_pct_multi_att_dsv_normalization-normalize_medic_random_elastic_prob-0_scale_range-[-20, 40]_scale_size-[128, 128, 96, 1]_with_arranged_mask-True_with_blacklist-True2/trained_mlebe_config_anat.json",
122.0,-0.9252257629999999,0.987982943,0.95471527,0.96019276,0.976706053,,coronal,False,anat,"0.5dice_and_hdunet_pct_multi_att_dsvnormalize_medic0[-20, 40][128, 128, 96, 1]TrueTrue",dice_and_hd,False,unet_pct_multi_att_dsv,0.0001,2020-06-24 04:58:42.108401,"X(shift_val=[0, 0], rotate=20, scale_val=[1, 1], max_deform=[0, 0, 0], random_flip_prob=0.5, random_affine_prob=0.5, random_elastic_prob=0, scale_size=[128, 128, 96, 1], scale_range=[-20, 40], scale_proba=1, random_noise_prob=0.5, normalization='normalize_medic', bias_field_prob=0.5, bias_magnitude_range=1.0)","[128, 128, 96, 1]","/home/hendrik/src/MLEBE/mlebe/training/checkpoints/bias_field_prob-0.5_criterion-dice_and_hd_model_type-unet_pct_multi_att_dsv_normalization-normalize_medic_random_elastic_prob-0_scale_range-[-20, 40]_scale_size-[128, 128, 96, 1]_with_arranged_mask-True_with_blacklist-True1/122_net_unet_pct_multi_att_dsv.pth","['drlfom', 'mgtdbs', 'opfvta', 'ztau', 'hendrik_nvcz', 'irsabi_dargcc']",irsabi,False,True,~/docsrc/mlebe/data/Blacklist,0.298367536,0.225621801,"x,y,z",True,1106.0,"/home/hendrik/src/MLEBE/mlebe/training/checkpoints/bias_field_prob-0.5_criterion-dice_and_hd_model_type-unet_pct_multi_att_dsv_normalization-normalize_medic_random_elastic_prob-0_scale_range-[-20, 40]_scale_size-[128, 128, 96, 1]_with_arranged_mask-True_with_blacklist-True1/trained_mlebe_config_anat.json",
267.0,0.026398166,0.987544378,0.95244088,0.957907891,0.973129085,,coronal,False,anat,"0.5dice_lossunet_pct_multi_att_dsvnormalize_medic[0.7, 1.2][128, 128, 96, 1]TrueTrue",dice_loss,False,unet_pct_multi_att_dsv,0.0001,2020-06-26 09:10:12.702533,"X(shift_val=[0, 0], rotate=20, scale_val=[1, 1], max_deform=[0, 0, 0], random_flip_prob=0.5, random_affine_prob=0.5, random_elastic_prob=0, scale_size=[128, 128, 96, 1], scale_range=[0.7, 1.2], scale_proba=0.5, random_noise_prob=0.5, normalization='normalize_medic', bias_field_prob=0.5, bias_magnitude_range=1.0)","[128, 128, 96, 1]","/home/hendrik/src/MLEBE/mlebe/training/checkpoints/bias_field_prob-0.5_criterion-dice_loss_model_type-unet_pct_multi_att_dsv_normalization-normalize_medic_scale_range-[0.7, 1.2]_scale_size-[128, 128, 96, 1]_with_arranged_mask-True_with_blacklist-True7/267_net_unet_pct_multi_att_dsv.pth","['drlfom', 'mgtdbs', 'opfvta', 'ztau', 'hendrik_nvcz', 'irsabi_dargcc']",irsabi,False,True,~/docsrc/mlebe/data/Blacklist,0.958883686,0.104171308,"x,y,z",True,811.0,"/home/hendrik/src/MLEBE/mlebe/training/checkpoints/bias_field_prob-0.5_criterion-dice_loss_model_type-unet_pct_multi_att_dsv_normalization-normalize_medic_scale_range-[0.7, 1.2]_scale_size-[128, 128, 96, 1]_with_arranged_mask-True_with_blacklist-True7/trained_mlebe_config_anat.json",
299.0,0.029106485,0.9860576109999999,0.947972403,0.954013144,0.9736973609999999,,coronal,False,func,"0.5dice_lossunet_pct_multi_att_dsvnormalize_medic[0.7, 1.2][128, 128, 96, 1]TrueFalse",dice_loss,False,unet_pct_multi_att_dsv,0.0001,2020-06-27 00:14:18.112775,"X(shift_val=[0, 0], rotate=20, scale_val=[1, 1], max_deform=[0.1, 0.1, 0], random_flip_prob=0.5, random_affine_prob=0.5, random_elastic_prob=0, scale_proba=0.5, scale_size=[128, 128, 96, 1], random_noise_prob=0.5, normalization='normalize_medic', bias_field_prob=0.5, bias_magnitude_range=1.0, scale_range=[0.7, 1.2])","[128, 128, 96, 1]","/home/hendrik/src/MLEBE/mlebe/training/checkpoints/bias_field_prob-0.5_criterion-dice_loss_model_type-unet_pct_multi_att_dsv_normalization-normalize_medic_scale_range-[0.7, 1.2]_scale_size-[128, 128, 96, 1]_with_arranged_mask-True_with_blacklist-False2/299_net_unet_pct_multi_att_dsv.pth","['drlfom', 'mgtdbs', 'opfvta', 'ztau', 'hendrik_nvcz']",irsabi,False,False,~/docsrc/mlebe/data/Blacklist,0.9508470309999999,0.11834019800000001,"x,y,z",True,1108.0,"/home/hendrik/src/MLEBE/mlebe/training/checkpoints/bias_field_prob-0.5_criterion-dice_loss_model_type-unet_pct_multi_att_dsv_normalization-normalize_medic_scale_range-[0.7, 1.2]_scale_size-[128, 128, 96, 1]_with_arranged_mask-True_with_blacklist-False2/trained_mlebe_config_func.json",~/var/tmp/func_training
261.0,0.025366184,0.989621662,0.96081138,0.965743907,0.978852395,,coronal,False,anat,"0.5cross_entropyunet_pct_multi_att_dsvnormalize_medic[0.9, 1.1][128, 128, 96, 1]TrueTrue",cross_entropy,False,unet_pct_multi_att_dsv,0.0001,2020-06-29 08:00:30.717490,"X(shift_val=[0, 0], rotate=20, scale_val=[1, 1], max_deform=[0, 0, 0], random_flip_prob=0.5, random_affine_prob=0.5, random_elastic_prob=0, scale_size=[128, 128, 96, 1], scale_range=[0.9, 1.1], scale_proba=0.5, random_noise_prob=0.5, normalization='normalize_medic', bias_field_prob=0.5, bias_magnitude_range=0.5)","[128, 128, 96, 1]","/home/hendrik/src/MLEBE/mlebe/training/checkpoints/bias_field_prob-0.5_criterion-cross_entropy_model_type-unet_pct_multi_att_dsv_normalization-normalize_medic_scale_range-[0.9, 1.1]_scale_size-[128, 128, 96, 1]_with_arranged_mask-True_with_blacklist-True1/261_net_unet_pct_multi_att_dsv.pth","['drlfom', 'mgtdbs', 'opfvta', 'ztau', 'hendrik_nvcz']",irsabi,False,True,~/docsrc/mlebe/data/Blacklist,0.712867658,0.351985699,"x,y,z",True,2749.0,"/home/hendrik/src/MLEBE/mlebe/training/checkpoints/bias_field_prob-0.5_criterion-cross_entropy_model_type-unet_pct_multi_att_dsv_normalization-normalize_medic_scale_range-[0.9, 1.1]_scale_size-[128, 128, 96, 1]_with_arranged_mask-True_with_blacklist-True1/trained_mlebe_config_anat.json",
95.0,0.011098788,0.994432298,0.9792117929999999,0.98214995,0.990136476,,coronal,False,anat,"0.5dice_lossplateauunet_pct_multi_att_dsvnormalize_medicadam[0.8, 1.1][64, 64, 96, 1]TrueTrue",dice_loss,False,unet_pct_multi_att_dsv,0.0001,2020-07-01 08:58:40.248406,"X(shift_val=[0, 0], rotate=20, scale_val=[1, 1], max_deform=[0, 0, 0], random_flip_prob=0.5, random_affine_prob=0.5, random_elastic_prob=0, scale_size=[64, 64, 96, 1], scale_range=[0.8, 1.1], scale_proba=0.5, random_noise_prob=0.5, normalization='normalize_medic', bias_field_prob=0.5, bias_magnitude_range=0.5)","[64, 64, 96, 1]",/home/hendrik/src/MLEBE/mlebe/training/checkpoints/2020_7_1_8_58_40/095_net_unet_pct_multi_att_dsv.pth,"['drlfom', 'mgtdbs', 'opfvta', 'ztau', 'hendrik_nvcz']",irsabi,False,True,~/docsrc/mlebe/data/Blacklist,0.9836047309999999,0.05860525,"x,y,z",True,223.0,/home/hendrik/src/MLEBE/mlebe/training/checkpoints/2020_7_1_8_58_40/trained_mlebe_config_anat.json,
117.0,0.005513117,0.997272673,0.989794576,0.991334798,0.9951620659999999,,coronal,False,anat,"0.5dice_lossplateauunet_pct_multi_att_dsvnormalize_medicadam[1, 1][64, 64, 96, 1]TrueTrue",dice_loss,False,unet_pct_multi_att_dsv,0.0001,2020-07-01 12:42:18.195724,"X(shift_val=[0, 0], rotate=20, scale_val=[1, 1], max_deform=[0, 0, 0], random_flip_prob=0.5, random_affine_prob=0.5, random_elastic_prob=0, scale_size=[64, 64, 96, 1], scale_range=[1, 1], scale_proba=0.5, random_noise_prob=0.5, normalization='normalize_medic', bias_field_prob=0.5, bias_magnitude_range=0.5)","[64, 64, 96, 1]",/home/hendrik/src/MLEBE/mlebe/training/checkpoints/2020_7_1_12_42_18/117_net_unet_pct_multi_att_dsv.pth,"['drlfom', 'mgtdbs', 'opfvta', 'ztau', 'hendrik_nvcz']",irsabi,False,True,~/docsrc/mlebe/data/Blacklist,0.9902860170000001,0.053772104,"x,y,z",True,263.0,/home/hendrik/src/MLEBE/mlebe/training/checkpoints/2020_7_1_12_42_18/trained_mlebe_config_anat.json,
143.0,0.026936114,0.987513043,0.9539092370000001,0.959666227,0.974831472,,coronal,False,anat,"0.5dice_lossplateauunet_pct_multi_att_dsvnormalize_medicsgd[0.8, 1.1][64, 64, 96, 1]TrueTrue",dice_loss,False,unet_pct_multi_att_dsv,0.0001,2020-07-01 17:05:31.388669,"X(shift_val=[0, 0], rotate=20, scale_val=[1, 1], max_deform=[0, 0, 0], random_flip_prob=0.5, random_affine_prob=0.5, random_elastic_prob=0, scale_size=[64, 64, 96, 1], scale_range=[0.8, 1.1], scale_proba=0.5, random_noise_prob=0.5, normalization='normalize_medic', bias_field_prob=0.5, bias_magnitude_range=0.5)","[64, 64, 96, 1]",/home/hendrik/src/MLEBE/mlebe/training/checkpoints/2020_7_1_17_5_31/143_net_unet_pct_multi_att_dsv.pth,"['drlfom', 'mgtdbs', 'opfvta', 'ztau', 'hendrik_nvcz']",irsabi,False,True,~/docsrc/mlebe/data/Blacklist,0.949882096,0.125244048,"x,y,z",True,306.0,/home/hendrik/src/MLEBE/mlebe/training/checkpoints/2020_7_1_17_5_31/trained_mlebe_config_anat.json,
132.0,0.027079991,0.986972869,0.95248151,0.95841497,0.974578772,,coronal,False,anat,"0.5dice_lossplateauunet_pct_multi_att_dsvnormalize_medicsgd[1, 1][64, 64, 96, 1]TrueTrue",dice_loss,False,unet_pct_multi_att_dsv,0.0001,2020-07-01 22:11:48.048926,"X(shift_val=[0, 0], rotate=20, scale_val=[1, 1], max_deform=[0, 0, 0], random_flip_prob=0.5, random_affine_prob=0.5, random_elastic_prob=0, scale_size=[64, 64, 96, 1], scale_range=[1, 1], scale_proba=0.5, random_noise_prob=0.5, normalization='normalize_medic', bias_field_prob=0.5, bias_magnitude_range=0.5)","[64, 64, 96, 1]",/home/hendrik/src/MLEBE/mlebe/training/checkpoints/2020_7_1_22_11_48/132_net_unet_pct_multi_att_dsv.pth,"['drlfom', 'mgtdbs', 'opfvta', 'ztau', 'hendrik_nvcz']",irsabi,False,True,~/docsrc/mlebe/data/Blacklist,0.955149547,0.11126860000000001,"x,y,z",True,287.0,/home/hendrik/src/MLEBE/mlebe/training/checkpoints/2020_7_1_22_11_48/trained_mlebe_config_anat.json,
92.0,0.031042707000000006,0.994481499,0.979283762,0.9822161140000001,0.992685714,,coronal,False,func,"0.5focal_tversky_lossplateauunet_pct_multi_att_dsvnormalize_medicadam[0.8, 1.1][64, 64, 96, 1]TrueFalse",focal_tversky_loss,False,unet_pct_multi_att_dsv,0.0001,2020-07-06 22:50:12.709577,"X(shift_val=[0, 0], rotate=20, scale_val=[1, 1], max_deform=[0.1, 0.1, 0], random_flip_prob=0.5, random_affine_prob=0.5, random_elastic_prob=0, scale_proba=0.5, scale_size=[64, 64, 96, 1], random_noise_prob=0.5, normalization='normalize_medic', bias_field_prob=0.5, bias_magnitude_range=0.5, scale_range=[0.8, 1.1])","[64, 64, 96, 1]",/home/hendrik/src/MLEBE/mlebe/training/checkpoints/2020_7_6_22_50_12/092_net_unet_pct_multi_att_dsv.pth,"['drlfom', 'mgtdbs', 'opfvta', 'ztau', 'hendrik_nvcz']",irsabi,False,False,~/docsrc/mlebe/data/Blacklist,0.982969733,0.056205406,"x,y,z",True,284.0,/home/hendrik/src/MLEBE/mlebe/training/checkpoints/2020_7_6_22_50_12/trained_mlebe_config_func.json,~/var/tmp/func_training
98.0,-0.974533412,0.993901288,0.9767366390000001,0.9798859590000001,0.986348309,,coronal,False,func,"0.5dice_and_hdplateauunet_pct_multi_att_dsvnormalize_medicadam[0.8, 1.1][64, 64, 96, 1]TrueFalse",dice_and_hd,False,unet_pct_multi_att_dsv,0.0001,2020-07-07 03:34:48.072188,"X(shift_val=[0, 0], rotate=20, scale_val=[1, 1], max_deform=[0.1, 0.1, 0], random_flip_prob=0.5, random_affine_prob=0.5, random_elastic_prob=0, scale_proba=0.5, scale_size=[64, 64, 96, 1], random_noise_prob=0.5, normalization='normalize_medic', bias_field_prob=0.5, bias_magnitude_range=0.5, scale_range=[0.8, 1.1])","[64, 64, 96, 1]",/home/hendrik/src/MLEBE/mlebe/training/checkpoints/2020_7_7_3_34_48/098_net_unet_pct_multi_att_dsv.pth,"['drlfom', 'mgtdbs', 'opfvta', 'ztau', 'hendrik_nvcz']",irsabi,False,False,~/docsrc/mlebe/data/Blacklist,0.9810414829999999,0.057771025999999996,"x,y,z",True,383.0,/home/hendrik/src/MLEBE/mlebe/training/checkpoints/2020_7_7_3_34_48/trained_mlebe_config_func.json,~/var/tmp/func_training
99.0,-0.840318837,0.995216888,0.981801255,0.9843662940000001,0.9875903779999999,,coronal,False,func,"0.5dice_boundary_lossplateauunet_pct_multi_att_dsvnormalize_medicadam[0.8, 1.1][64, 64, 96, 1]TrueFalse",dice_boundary_loss,False,unet_pct_multi_att_dsv,0.0001,2020-07-07 09:58:04.570409,"X(shift_val=[0, 0], rotate=20, scale_val=[1, 1], max_deform=[0.1, 0.1, 0], random_flip_prob=0.5, random_affine_prob=0.5, random_elastic_prob=0, scale_proba=0.5, scale_size=[64, 64, 96, 1], random_noise_prob=0.5, normalization='normalize_medic', bias_field_prob=0.5, bias_magnitude_range=0.5, scale_range=[0.8, 1.1])","[64, 64, 96, 1]",/home/hendrik/src/MLEBE/mlebe/training/checkpoints/2020_7_7_9_58_4/099_net_unet_pct_multi_att_dsv.pth,"['drlfom', 'mgtdbs', 'opfvta', 'ztau', 'hendrik_nvcz']",irsabi,False,False,~/docsrc/mlebe/data/Blacklist,0.985824996,0.050228009000000004,"x,y,z",True,335.0,/home/hendrik/src/MLEBE/mlebe/training/checkpoints/2020_7_7_9_58_4/trained_mlebe_config_func.json,~/var/tmp/func_training
106.0,0.011067273440184421,0.994506176607108,0.9793350308327172,0.9822516543395656,0.9895916067119926,,coronal,False,func,"0.5dice_lossplateauunet_pct_multi_att_dsvnormalize_medicadam[0.8, 1.1][64, 64, 96, 1]TrueFalse",dice_loss,False,unet_pct_multi_att_dsv,0.0001,2020-07-07 15:33:19.943149,"X(shift_val=[0, 0], rotate=20, scale_val=[1, 1], max_deform=[0.1, 0.1, 0], random_flip_prob=0.5, random_affine_prob=0.5, random_elastic_prob=0, scale_proba=0.5, scale_size=[64, 64, 96, 1], random_noise_prob=0.5, normalization='normalize_medic', bias_field_prob=0.5, bias_magnitude_range=0.5, scale_range=[0.8, 1.1])","[64, 64, 96, 1]",/home/hendrik/src/MLEBE/mlebe/training/checkpoints/2020_7_7_15_33_19/106_net_unet_pct_multi_att_dsv.pth,"['drlfom', 'mgtdbs', 'opfvta', 'ztau', 'hendrik_nvcz']",irsabi,False,False,~/docsrc/mlebe/data/Blacklist,0.9830938703402992,0.061775630487808965,"x,y,z",True,439.0,/home/hendrik/src/MLEBE/mlebe/training/checkpoints/2020_7_7_15_33_19/trained_mlebe_config_func.json,~/var/tmp/func_training
61.0,0.03547720096650578,0.9932461693173364,0.9749210015219486,0.9783968500150864,0.9909789847211701,,coronal,False,anat,"0.5focal_tversky_lossplateauunet_pct_multi_att_dsvnormalize_medicadam[0.8, 1.1][64, 64, 96, 1]TrueTrue",focal_tversky_loss,False,unet_pct_multi_att_dsv,0.0001,2020-07-07 22:52:29.736807,"X(shift_val=[0, 0], rotate=20, scale_val=[1, 1], max_deform=[0, 0, 0], random_flip_prob=0.5, random_affine_prob=0.5, random_elastic_prob=0, scale_size=[64, 64, 96, 1], scale_range=[0.8, 1.1], scale_proba=0.5, random_noise_prob=0.5, normalization='normalize_medic', bias_field_prob=0.5, bias_magnitude_range=0.5)","[64, 64, 96, 1]",/home/hendrik/src/MLEBE/mlebe/training/checkpoints/2020_7_7_22_52_29/061_net_unet_pct_multi_att_dsv.pth,"['drlfom', 'mgtdbs', 'opfvta', 'ztau', 'hendrik_nvcz']",irsabi,False,True,~/docsrc/mlebe/data/Blacklist,0.9811452526622648,0.0519374529648047,"x,y,z",True,278.0,/home/hendrik/src/MLEBE/mlebe/training/checkpoints/2020_7_7_22_52_29/trained_mlebe_config_anat.json,
96.0,0.01963304391219502,0.996980757940383,0.9886477678984672,0.9903370351106338,0.9960392953622272,,coronal,False,anat,"0.5focal_tversky_lossplateauunet_pct_multi_att_dsvnormalize_medicadam[1, 1][64, 64, 96, 1]TrueTrue",focal_tversky_loss,False,unet_pct_multi_att_dsv,0.0001,2020-07-08 03:30:41.767240,"X(shift_val=[0, 0], rotate=20, scale_val=[1, 1], max_deform=[0, 0, 0], random_flip_prob=0.5, random_affine_prob=0.5, random_elastic_prob=0, scale_size=[64, 64, 96, 1], scale_range=[1, 1], scale_proba=0.5, random_noise_prob=0.5, normalization='normalize_medic', bias_field_prob=0.5, bias_magnitude_range=0.5)","[64, 64, 96, 1]",/home/hendrik/src/MLEBE/mlebe/training/checkpoints/2020_7_8_3_30_41/096_net_unet_pct_multi_att_dsv.pth,"['drlfom', 'mgtdbs', 'opfvta', 'ztau', 'hendrik_nvcz']",irsabi,False,True,~/docsrc/mlebe/data/Blacklist,0.9897049930648236,0.0549964151013549,"x,y,z",True,239.0,/home/hendrik/src/MLEBE/mlebe/training/checkpoints/2020_7_8_3_30_41/trained_mlebe_config_anat.json,
202.0,-0.9783136163439068,0.994269537547278,0.9789106007405748,0.9819870263244912,0.9902564757484053,,coronal,False,anat,"0.5dice_and_hdplateauunet_pct_multi_att_dsvnormalize_medicadam[0.8, 1.1][64, 64, 96, 1]TrueTrue",dice_and_hd,False,unet_pct_multi_att_dsv,0.0001,2020-07-08 12:39:04.371327,"X(shift_val=[0, 0], rotate=20, scale_val=[1, 1], max_deform=[0, 0, 0], random_flip_prob=0.5, random_affine_prob=0.5, random_elastic_prob=0, scale_size=[64, 64, 96, 1], scale_range=[0.8, 1.1], scale_proba=0.5, random_noise_prob=0.5, normalization='normalize_medic', bias_field_prob=0.5, bias_magnitude_range=0.5)","[64, 64, 96, 1]",/home/hendrik/src/MLEBE/mlebe/training/checkpoints/2020_7_8_12_39_4/202_net_unet_pct_multi_att_dsv.pth,"['drlfom', 'mgtdbs', 'opfvta', 'ztau', 'hendrik_nvcz']",irsabi,False,True,~/docsrc/mlebe/data/Blacklist,0.9809884829603696,0.0588640865763601,"x,y,z",True,535.0,/home/hendrik/src/MLEBE/mlebe/training/checkpoints/2020_7_8_12_39_4/trained_mlebe_config_anat.json,
226.0,-0.9581203034945897,0.9902547200520836,0.9637512872880936,0.9685103562933864,0.9808329220337284,,coronal,False,anat,"0.5dice_and_hdplateauunet_pct_multi_att_dsvnormalize_medicsgd[0.8, 1.1][64, 64, 96, 1]TrueTrue",dice_and_hd,False,unet_pct_multi_att_dsv,0.0001,2020-07-08 21:34:09.803869,"X(shift_val=[0, 0], rotate=20, scale_val=[1, 1], max_deform=[0, 0, 0], random_flip_prob=0.5, random_affine_prob=0.5, random_elastic_prob=0, scale_size=[64, 64, 96, 1], scale_range=[0.8, 1.1], scale_proba=0.5, random_noise_prob=0.5, normalization='normalize_medic', bias_field_prob=0.5, bias_magnitude_range=0.5)","[64, 64, 96, 1]",/home/hendrik/src/MLEBE/mlebe/training/checkpoints/2020_7_8_21_34_9/226_net_unet_pct_multi_att_dsv.pth,"['drlfom', 'mgtdbs', 'opfvta', 'ztau', 'hendrik_nvcz']",irsabi,False,True,~/docsrc/mlebe/data/Blacklist,0.966351934959758,0.08697088497864304,"x,y,z",True,565.0,/home/hendrik/src/MLEBE/mlebe/training/checkpoints/2020_7_8_21_34_9/trained_mlebe_config_anat.json,
143.0,-0.8385174700192043,0.9964503333682108,0.98659833231382,0.9885520631972676,0.9918121245371572,,coronal,False,anat,"0.5dice_boundary_lossplateauunet_pct_multi_att_dsvnormalize_medicadam[0.8, 1.1][64, 64, 96, 1]TrueTrue",dice_boundary_loss,False,unet_pct_multi_att_dsv,0.0001,2020-07-09 06:59:50.790232,"X(shift_val=[0, 0], rotate=20, scale_val=[1, 1], max_deform=[0, 0, 0], random_flip_prob=0.5, random_affine_prob=0.5, random_elastic_prob=0, scale_size=[64, 64, 96, 1], scale_range=[0.8, 1.1], scale_proba=0.5, random_noise_prob=0.5, normalization='normalize_medic', bias_field_prob=0.5, bias_magnitude_range=0.5)","[64, 64, 96, 1]",/home/hendrik/src/MLEBE/mlebe/training/checkpoints/2020_7_9_6_59_50/143_net_unet_pct_multi_att_dsv.pth,"['drlfom', 'mgtdbs', 'opfvta', 'ztau', 'hendrik_nvcz']",irsabi,False,True,~/docsrc/mlebe/data/Blacklist,0.9878757027690162,0.05878346110997916,"x,y,z",True,360.0,/home/hendrik/src/MLEBE/mlebe/training/checkpoints/2020_7_9_6_59_50/trained_mlebe_config_anat.json,
299.0,-0.8254479169845581,0.986458066910032,0.9498232640442246,0.9558676122824512,0.9639538488214164,,coronal,False,anat,"0.5dice_boundary_lossplateauunet_pct_multi_att_dsvnormalize_medicsgd[0.8, 1.1][64, 64, 96, 1]TrueTrue",dice_boundary_loss,False,unet_pct_multi_att_dsv,0.0001,2020-07-09 13:00:06.958088,"X(shift_val=[0, 0], rotate=20, scale_val=[1, 1], max_deform=[0, 0, 0], random_flip_prob=0.5, random_affine_prob=0.5, random_elastic_prob=0, scale_size=[64, 64, 96, 1], scale_range=[0.8, 1.1], scale_proba=0.5, random_noise_prob=0.5, normalization='normalize_medic', bias_field_prob=0.5, bias_magnitude_range=0.5)","[64, 64, 96, 1]",/home/hendrik/src/MLEBE/mlebe/training/checkpoints/2020_7_9_13_0_6/299_net_unet_pct_multi_att_dsv.pth,"['drlfom', 'mgtdbs', 'opfvta', 'ztau', 'hendrik_nvcz']",irsabi,False,True,~/docsrc/mlebe/data/Blacklist,0.9524391318028076,0.10632856339835403,"x,y,z",True,793.0,/home/hendrik/src/MLEBE/mlebe/training/checkpoints/2020_7_9_13_0_6/trained_mlebe_config_anat.json,
136.0,-0.8413872174594713,0.9982460132543592,0.9933491540359924,0.9943547893372652,0.9950498766866128,,coronal,False,anat,"0.5dice_boundary_lossplateauunet_pct_multi_att_dsvnormalize_medicadam[1, 1][64, 64, 96, 1]TrueTrueTrue",dice_boundary_loss,False,unet_pct_multi_att_dsv,0.0001,2020-07-13 18:55:33.670593,"X(shift_val=[0, 0], rotate=20, scale_val=[1, 1], max_deform=[0, 0, 0], random_flip_prob=0.5, random_affine_prob=0.5, random_elastic_prob=0, scale_size=[64, 64, 96, 1], scale_range=[1, 1], scale_proba=0.5, random_noise_prob=0.5, normalization='normalize_medic', bias_field_prob=0.5, bias_magnitude_range=0.5)","[64, 64, 96, 1]",/home/hendrik/src/MLEBE/mlebe/training/checkpoints/2020_7_13_18_55_33/136_net_unet_pct_multi_att_dsv.pth,"['drlfom', 'mgtdbs', 'opfvta', 'ztau', 'hendrik_nvcz', 'irsabi_dargcc']",irsabi,False,True,~/docsrc/mlebe/data/Blacklist,0.9924013623434912,0.047281843300586976,"x,y,z",True,400.0,/home/hendrik/src/MLEBE/mlebe/training/checkpoints/2020_7_13_18_55_33/trained_mlebe_config_anat.json,
165.0,-0.8413656379865564,0.9983091492583784,0.9936081900930166,0.9945793740683108,0.995275328306198,,coronal,False,anat,"0.5dice_boundary_lossplateauunet_pct_multi_att_dsvnormalize_medicadam[1, 1][64, 64, 96, 1]FalseTrueTrue",dice_boundary_loss,False,unet_pct_multi_att_dsv,0.0001,2020-07-14 01:35:43.775153,"X(shift_val=[0, 0], rotate=20, scale_val=[1, 1], max_deform=[0, 0, 0], random_flip_prob=0.5, random_affine_prob=0.5, random_elastic_prob=0, scale_size=[64, 64, 96, 1], scale_range=[1, 1], scale_proba=0.5, random_noise_prob=0.5, normalization='normalize_medic', bias_field_prob=0.5, bias_magnitude_range=0.5)","[64, 64, 96, 1]",/home/hendrik/src/MLEBE/mlebe/training/checkpoints/2020_7_14_1_35_43/165_net_unet_pct_multi_att_dsv.pth,"['drlfom', 'mgtdbs', 'opfvta', 'ztau', 'hendrik_nvcz', 'irsabi_dargcc']",irsabi,False,True,~/docsrc/mlebe/data/Blacklist,0.9931928182903093,0.04486325054181319,"x,y,z",True,439.0,/home/hendrik/src/MLEBE/mlebe/training/checkpoints/2020_7_14_1_35_43/trained_mlebe_config_anat.json,
117.0,-0.8425908505916595,0.9976883782280817,0.9911964034183304,0.9925030302654336,0.9934215282671844,,coronal,False,func,"0.5dice_boundary_lossplateauunet_pct_multi_att_dsvnormalize_medicadam[1, 1][64, 64, 96, 1]TrueTrueFalse",dice_boundary_loss,False,unet_pct_multi_att_dsv,0.0001,2020-07-14 08:55:17.885832,"X(shift_val=[0, 0], rotate=20, scale_val=[1, 1], max_deform=[0.1, 0.1, 0], random_flip_prob=0.5, random_affine_prob=0.5, random_elastic_prob=0, scale_proba=0.5, scale_size=[64, 64, 96, 1], random_noise_prob=0.5, normalization='normalize_medic', bias_field_prob=0.5, bias_magnitude_range=0.5, scale_range=[1, 1])","[64, 64, 96, 1]",/home/hendrik/src/MLEBE/mlebe/training/checkpoints/2020_7_14_8_55_17/117_net_unet_pct_multi_att_dsv.pth,"['drlfom', 'mgtdbs', 'opfvta', 'ztau', 'hendrik_nvcz', 'irsabi_dargcc']",irsabi,False,False,~/docsrc/mlebe/data/Blacklist,0.9918048862862324,0.041887843387212666,"x,y,z",True,389.0,/home/hendrik/src/MLEBE/mlebe/training/checkpoints/2020_7_14_8_55_17/trained_mlebe_config_func.json,~/var/tmp/func_training
100.0,-0.8419231057167054,0.9960447523328994,0.9848105190925974,0.9869396550085968,0.9899265057773668,,coronal,False,func,"0.5dice_boundary_lossplateauunet_pct_multi_att_dsvnormalize_medicadam[0.8, 1.1][64, 64, 96, 1]TrueTrueFalse",dice_boundary_loss,False,unet_pct_multi_att_dsv,0.0001,2020-07-14 22:05:30.783463,"X(shift_val=[0, 0], rotate=20, scale_val=[1, 1], max_deform=[0.1, 0.1, 0], random_flip_prob=0.5, random_affine_prob=0.5, random_elastic_prob=0, scale_proba=0.5, scale_size=[64, 64, 96, 1], random_noise_prob=0.5, normalization='normalize_medic', bias_field_prob=0.5, bias_magnitude_range=0.5, scale_range=[0.8, 1.1])","[64, 64, 96, 1]",/home/hendrik/src/MLEBE/mlebe/training/checkpoints/2020_7_14_22_5_30/100_net_unet_pct_multi_att_dsv.pth,"['drlfom', 'mgtdbs', 'opfvta', 'ztau', 'hendrik_nvcz', 'irsabi_dargcc']",irsabi,False,False,~/docsrc/mlebe/data/Blacklist,0.9881885026815374,0.050920936587011856,"x,y,z",True,311.0,/home/hendrik/src/MLEBE/mlebe/training/checkpoints/2020_7_14_22_5_30/trained_mlebe_config_func.json,~/var/tmp/func_training
171.0,-0.8433238605658213,0.9964474572075736,0.9863277968213195,0.988276655576656,0.9903472139984746,,coronal,False,func,"0.5dice_boundary_lossplateauunet_pct_multi_att_dsvnormalize_medicadam[0.8, 1.1][128, 128, 96, 1]TrueTrueFalse",dice_boundary_loss,False,unet_pct_multi_att_dsv,0.0001,2020-07-15 03:17:08.359269,"X(shift_val=[0, 0], rotate=20, scale_val=[1, 1], max_deform=[0.1, 0.1, 0], random_flip_prob=0.5, random_affine_prob=0.5, random_elastic_prob=0, scale_proba=0.5, scale_size=[128, 128, 96, 1], random_noise_prob=0.5, normalization='normalize_medic', bias_field_prob=0.5, bias_magnitude_range=0.5, scale_range=[0.8, 1.1])","[128, 128, 96, 1]",/home/hendrik/src/MLEBE/mlebe/training/checkpoints/2020_7_15_3_17_8/171_net_unet_pct_multi_att_dsv.pth,"['drlfom', 'mgtdbs', 'opfvta', 'ztau', 'hendrik_nvcz', 'irsabi_dargcc']",irsabi,False,False,~/docsrc/mlebe/data/Blacklist,0.9877442247378576,0.05702297133364459,"x,y,z",True,2472.0,/home/hendrik/src/MLEBE/mlebe/training/checkpoints/2020_7_15_3_17_8/trained_mlebe_config_func.json,~/var/tmp/func_training
126.0,-0.8394983281259951,0.995335993559464,0.9822922619151072,0.9847882161478768,0.9877886432699662,,coronal,False,anat,"0.5dice_boundary_lossplateauunet_pct_multi_att_dsvnormalize_medicadam[0.8, 1.1][128, 128, 96, 1]TrueTrueTrue",dice_boundary_loss,False,unet_pct_multi_att_dsv,0.0001,2020-07-17 20:04:14.969096,"X(shift_val=[0, 0], rotate=20, scale_val=[1, 1], max_deform=[0, 0, 0], random_flip_prob=0.5, random_affine_prob=0.5, random_elastic_prob=0, scale_size=[128, 128, 96, 1], scale_range=[0.8, 1.1], scale_proba=0.5, random_noise_prob=0.5, normalization='normalize_medic', bias_field_prob=0.5, bias_magnitude_range=0.5)","[128, 128, 96, 1]",/home/hendrik/src/MLEBE/mlebe/training/checkpoints/2020_7_17_20_4_14/126_net_unet_pct_multi_att_dsv.pth,"['drlfom', 'mgtdbs', 'opfvta', 'ztau', 'hendrik_nvcz', 'irsabi_dargcc']",irsabi,False,True,~/docsrc/mlebe/data/Blacklist,0.9857703253816033,0.04995776193196008,"x,y,z",True,1332.0,/home/hendrik/src/MLEBE/mlebe/training/checkpoints/2020_7_17_20_4_14/trained_mlebe_config_anat.json,
176.0,-0.8270209488414583,0.9964421590169272,0.9874061953861596,0.9894289109142856,0.9917068993286998,,coronal,False,anat,"0.5dice_boundary_lossplateauunet_pct_multi_att_dsvnormalize_medicadam[0.8, 1.1][64, 64, 96, 1]FalseFalseTrue",dice_boundary_loss,False,unet_pct_multi_att_dsv,0.0001,2020-08-12 21:15:35.350798,"X(shift_val=[0, 0], rotate=20, scale_val=[1, 1], max_deform=[0, 0, 0], random_flip_prob=0.5, random_affine_prob=0.5, random_elastic_prob=0, scale_size=[64, 64, 96, 1], scale_range=[0.8, 1.1], scale_proba=0.5, random_noise_prob=0.5, normalization='normalize_medic', bias_field_prob=0.5, bias_magnitude_range=0.5)","[64, 64, 96, 1]",/home/hendrik/src/MLEBE/mlebe/training/checkpoints/2020_8_12_21_15_35/176_net_unet_pct_multi_att_dsv.pth,"['drlfom', 'mgtdbs', 'opfvta', 'ztau', 'hendrik_nvcz']",irsabi,False,True,~/docsrc/mlebe/data/Blacklist,0.9780822593336824,0.1018640799408713,"x,y,z",False,791.0,/home/hendrik/src/MLEBE/mlebe/training/checkpoints/2020_8_12_21_15_35/trained_mlebe_config_anat.json,
123.0,-0.8386222237632388,0.9955518207852802,0.9830810399375676,0.9854478301454984,0.9894218599228012,,coronal,False,anat,"0.5dice_boundary_lossplateauunet_pct_multi_att_dsvnormalize_medicadam[0.8, 1.1][64, 64, 96, 1]FalseTrueTrue",dice_boundary_loss,False,unet_pct_multi_att_dsv,0.0001,2020-08-13 10:26:45.168672,"X(shift_val=[0, 0], rotate=20, scale_val=[1, 1], max_deform=[0, 0, 0], random_flip_prob=0.5, random_affine_prob=0.5, random_elastic_prob=0, scale_size=[64, 64, 96, 1], scale_range=[0.8, 1.1], scale_proba=0.5, random_noise_prob=0.5, normalization='normalize_medic', bias_field_prob=0.5, bias_magnitude_range=0.5)","[64, 64, 96, 1]",/home/hendrik/src/MLEBE/mlebe/training/checkpoints/2020_8_13_10_26_45/123_net_unet_pct_multi_att_dsv.pth,"['drlfom', 'mgtdbs', 'opfvta', 'ztau', 'hendrik_nvcz']",irsabi,False,True,~/docsrc/mlebe/data/Blacklist,0.9870285016033182,0.05236242420580185,"x,y,z",True,614.0,/home/hendrik/src/MLEBE/mlebe/training/checkpoints/2020_8_13_10_26_45/trained_mlebe_config_anat.json,
125.0,-0.8261265924998692,0.9957913595532614,0.985127095068828,0.9874909744646212,0.9905144609178164,,coronal,False,anat,"0.5dice_boundary_lossplateauunet_pct_multi_att_dsvmlebeadam[0.8, 1.1][64, 64, 96, 1]FalseFalseTrue",dice_boundary_loss,False,unet_pct_multi_att_dsv,0.0001,2020-08-13 20:41:08.847822,"X(shift_val=[0, 0], rotate=20, scale_val=[1, 1], max_deform=[0, 0, 0], random_flip_prob=0.5, random_affine_prob=0.5, random_elastic_prob=0, scale_size=[64, 64, 96, 1], scale_range=[0.8, 1.1], scale_proba=0.5, random_noise_prob=0.5, normalization='mlebe', bias_field_prob=0.5, bias_magnitude_range=0.5)","[64, 64, 96, 1]",/home/hendrik/src/MLEBE/mlebe/training/checkpoints/2020_8_13_20_41_8/125_net_unet_pct_multi_att_dsv.pth,"['drlfom', 'mgtdbs', 'opfvta', 'ztau', 'hendrik_nvcz']",irsabi,False,True,~/docsrc/mlebe/data/Blacklist,0.9776876006979762,0.10212683705996492,"x,y,z",False,703.0,/home/hendrik/src/MLEBE/mlebe/training/checkpoints/2020_8_13_20_41_8/trained_mlebe_config_anat.json,
124.0,-0.8373601266316005,0.996135711669922,0.9855975458702604,0.9877361205357356,0.9898506968477307,,coronal,False,anat,"0.5dice_boundary_lossplateauunet_pct_multi_att_dsvmlebeadam[0.8, 1.1][64, 64, 96, 1]FalseTrueTrue",dice_boundary_loss,False,unet_pct_multi_att_dsv,0.0001,2020-08-14 08:24:54.031092,"X(shift_val=[0, 0], rotate=20, scale_val=[1, 1], max_deform=[0, 0, 0], random_flip_prob=0.5, random_affine_prob=0.5, random_elastic_prob=0, scale_size=[64, 64, 96, 1], scale_range=[0.8, 1.1], scale_proba=0.5, random_noise_prob=0.5, normalization='mlebe', bias_field_prob=0.5, bias_magnitude_range=0.5)","[64, 64, 96, 1]",/home/hendrik/src/MLEBE/mlebe/training/checkpoints/2020_8_14_8_24_54/124_net_unet_pct_multi_att_dsv.pth,"['drlfom', 'mgtdbs', 'opfvta', 'ztau', 'hendrik_nvcz']",irsabi,False,True,~/docsrc/mlebe/data/Blacklist,0.9867838285367806,0.05374590421009817,"x,y,z",True,737.0,/home/hendrik/src/MLEBE/mlebe/training/checkpoints/2020_8_14_8_24_54/trained_mlebe_config_anat.json,
110.0,-0.8256177769766914,0.9949641757541234,0.9822095547354642,0.9849793486331032,0.987731213699518,,coronal,False,func,"0.5dice_boundary_lossplateauunet_pct_multi_att_dsvnormalize_medicadam[0.8, 1.1][64, 64, 96, 1]FalseFalseFalse",dice_boundary_loss,False,unet_pct_multi_att_dsv,0.0001,2020-08-14 20:42:50.463496,"X(shift_val=[0, 0], rotate=20, scale_val=[1, 1], max_deform=[0.1, 0.1, 0], random_flip_prob=0.5, random_affine_prob=0.5, random_elastic_prob=0, scale_proba=0.5, scale_size=[64, 64, 96, 1], random_noise_prob=0.5, normalization='normalize_medic', bias_field_prob=0.5, bias_magnitude_range=0.5, scale_range=[0.8, 1.1])","[64, 64, 96, 1]",/home/hendrik/src/MLEBE/mlebe/training/checkpoints/2020_8_14_20_42_50/110_net_unet_pct_multi_att_dsv.pth,"['drlfom', 'mgtdbs', 'opfvta', 'ztau', 'hendrik_nvcz']",irsabi,False,False,~/docsrc/mlebe/data/Blacklist,0.9737748396065216,0.10354696678506303,"x,y,z",False,675.0,/home/hendrik/src/MLEBE/mlebe/training/checkpoints/2020_8_14_20_42_50/trained_mlebe_config_func.json,~/var/tmp/func_training
98.0,-0.8383469471225032,0.9954877782751014,0.9829896138945754,0.9854416892790206,0.9890978427693105,,coronal,False,func,"0.5dice_boundary_lossplateauunet_pct_multi_att_dsvnormalize_medicadam[0.8, 1.1][64, 64, 96, 1]FalseTrueFalse",dice_boundary_loss,False,unet_pct_multi_att_dsv,0.0001,2020-08-15 07:58:05.263341,"X(shift_val=[0, 0], rotate=20, scale_val=[1, 1], max_deform=[0.1, 0.1, 0], random_flip_prob=0.5, random_affine_prob=0.5, random_elastic_prob=0, scale_proba=0.5, scale_size=[64, 64, 96, 1], random_noise_prob=0.5, normalization='normalize_medic', bias_field_prob=0.5, bias_magnitude_range=0.5, scale_range=[0.8, 1.1])","[64, 64, 96, 1]",/home/hendrik/src/MLEBE/mlebe/training/checkpoints/2020_8_15_7_58_5/098_net_unet_pct_multi_att_dsv.pth,"['drlfom', 'mgtdbs', 'opfvta', 'ztau', 'hendrik_nvcz']",irsabi,False,False,~/docsrc/mlebe/data/Blacklist,0.9844316494691652,0.05934812792043165,"x,y,z",True,661.0,/home/hendrik/src/MLEBE/mlebe/training/checkpoints/2020_8_15_7_58_5/trained_mlebe_config_func.json,~/var/tmp/func_training
112.0,-0.8264639443821378,0.9959379125524449,0.985630046778578,0.9879186665721466,0.990417696188384,,coronal,False,func,"0.5dice_boundary_lossplateauunet_pct_multi_att_dsvmlebeadam[0.8, 1.1][64, 64, 96, 1]FalseFalseFalse",dice_boundary_loss,False,unet_pct_multi_att_dsv,0.0001,2020-08-15 19:00:02.234770,"X(shift_val=[0, 0], rotate=20, scale_val=[1, 1], max_deform=[0.1, 0.1, 0], random_flip_prob=0.5, random_affine_prob=0.5, random_elastic_prob=0, scale_proba=0.5, scale_size=[64, 64, 96, 1], random_noise_prob=0.5, normalization='mlebe', bias_field_prob=0.5, bias_magnitude_range=0.5, scale_range=[0.8, 1.1])","[64, 64, 96, 1]",/home/hendrik/src/MLEBE/mlebe/training/checkpoints/2020_8_15_19_0_2/112_net_unet_pct_multi_att_dsv.pth,"['drlfom', 'mgtdbs', 'opfvta', 'ztau', 'hendrik_nvcz']",irsabi,False,False,~/docsrc/mlebe/data/Blacklist,0.9773322830745288,0.10265171710930476,"x,y,z",False,839.0,/home/hendrik/src/MLEBE/mlebe/training/checkpoints/2020_8_15_19_0_2/trained_mlebe_config_func.json,~/var/tmp/func_training
142.0,-0.8398467390625565,0.9966393458990402,0.9872697541414879,0.9891340595107709,0.991733122845624,,coronal,False,func,"0.5dice_boundary_lossplateauunet_pct_multi_att_dsvmlebeadam[0.8, 1.1][64, 64, 96, 1]FalseTrueFalse",dice_boundary_loss,False,unet_pct_multi_att_dsv,0.0001,2020-08-16 08:59:34.077520,"X(shift_val=[0, 0], rotate=20, scale_val=[1, 1], max_deform=[0.1, 0.1, 0], random_flip_prob=0.5, random_affine_prob=0.5, random_elastic_prob=0, scale_proba=0.5, scale_size=[64, 64, 96, 1], random_noise_prob=0.5, normalization='mlebe', bias_field_prob=0.5, bias_magnitude_range=0.5, scale_range=[0.8, 1.1])","[64, 64, 96, 1]",/home/hendrik/src/MLEBE/mlebe/training/checkpoints/2020_8_16_8_59_34/142_net_unet_pct_multi_att_dsv.pth,"['drlfom', 'mgtdbs', 'opfvta', 'ztau', 'hendrik_nvcz']",irsabi,False,False,~/docsrc/mlebe/data/Blacklist,0.9904152044359285,0.04159595491947542,"x,y,z",True,1103.0,/home/hendrik/src/MLEBE/mlebe/training/checkpoints/2020_8_16_8_59_34/trained_mlebe_config_func.json,~/var/tmp/func_training
